alex69,1696260861687,OWNER,false
binAlmahnXX,1696260861687,AUDIENCE,false
brofessors,1696265049313,OWNER,false
ithikornn,1696265049313,AUDIENCE,false
ithikornn,1696395450488,OWNER,false
tentlnwza007,1696400183572,OWNER,false
brofessors,1696400183572,AUDIENCE,false
kenobi_XX,1696514294809,OWNER,false
BenKen70,1696265049313,AUDIENCE,false
soloXXX,1696514294809,AUDIENCE,false
messi10,1696265049313,AUDIENCE,false
messi10,1696514294809,AUDIENCE,false
pepTheBald,1696265049313,AUDIENCE,false
violette,1696516508312,OWNER,false
9arm,1696516708452,OWNER,false
brofessors,1696516708452,AUDIENCE,false
ithikornn,1696516708452,AUDIENCE,false
tentlnwza007,1696516708452,AUDIENCE,false
luvurmom,1696516708452,AUDIENCE,false
alex69,1696516508312,AUDIENCE,false
binAlmahnXX,1696516508312,AUDIENCE,false
brofessors,1696516508312,AUDIENCE,false
ithikornn,1696516508312,AUDIENCE,false
luvurmom,1696516508312,AUDIENCE,false
mayaCreator,1696516508312,AUDIENCE,false
mayaCreator,1696522084164,OWNER,false
brofessors,1696522084164,AUDIENCE,false
violette,1696522084164,AUDIENCE,false
ithikornn,1696522084164,AUDIENCE,false
9arm,1696514294809,AUDIENCE,false
usernam,1696514294809,AUDIENCE,false
brofessors,1697113002460,OWNER,false
luvurmom,1697113002460,AUDIENCE,true
9arm,1697113002460,AUDIENCE,false
alex69,1697113002460,AUDIENCE,false
binAlmahnXX,1697113002460,AUDIENCE,false
violette,1697113002460,AUDIENCE,false
kenobi_XX,1697113002460,AUDIENCE,false
mayaCreator,1697113002460,AUDIENCE,true
